sido,sigungu,dong,slug
경기도,수원시 장안구,파장동,gyeonggi-수원시-장안구-파장동
경기도,수원시 장안구,율천동,gyeonggi-수원시-장안구-율천동
경기도,수원시 장안구,정자1동,gyeonggi-수원시-장안구-정자1동
경기도,수원시 장안구,정자2동,gyeonggi-수원시-장안구-정자2동
경기도,수원시 장안구,정자3동,gyeonggi-수원시-장안구-정자3동
경기도,수원시 장안구,영화동,gyeonggi-수원시-장안구-영화동
경기도,수원시 장안구,송죽동,gyeonggi-수원시-장안구-송죽동
경기도,수원시 장안구,조원1동,gyeonggi-수원시-장안구-조원1동
경기도,수원시 장안구,조원2동,gyeonggi-수원시-장안구-조원2동
경기도,수원시 장안구,연무동,gyeonggi-수원시-장안구-연무동
경기도,수원시 권선구,세류1동,gyeonggi-수원시-권선구-세류1동
경기도,수원시 권선구,세류2동,gyeonggi-수원시-권선구-세류2동
경기도,수원시 권선구,세류3동,gyeonggi-수원시-권선구-세류3동
경기도,수원시 권선구,평동,gyeonggi-수원시-권선구-평동
경기도,수원시 권선구,서둔동,gyeonggi-수원시-권선구-서둔동
경기도,수원시 권선구,구운동,gyeonggi-수원시-권선구-구운동
경기도,수원시 권선구,금곡동,gyeonggi-수원시-권선구-금곡동
경기도,수원시 권선구,호매실동,gyeonggi-수원시-권선구-호매실동
경기도,수원시 권선구,권선1동,gyeonggi-수원시-권선구-권선1동
경기도,수원시 권선구,권선2동,gyeonggi-수원시-권선구-권선2동
경기도,수원시 권선구,곡선동,gyeonggi-수원시-권선구-곡선동
경기도,수원시 권선구,입북동,gyeonggi-수원시-권선구-입북동
경기도,수원시 팔달구,행궁동,gyeonggi-수원시-팔달구-행궁동
경기도,수원시 팔달구,매교동,gyeonggi-수원시-팔달구-매교동
경기도,수원시 팔달구,매산동,gyeonggi-수원시-팔달구-매산동
경기도,수원시 팔달구,고등동,gyeonggi-수원시-팔달구-고등동
경기도,수원시 팔달구,화서1동,gyeonggi-수원시-팔달구-화서1동
경기도,수원시 팔달구,화서2동,gyeonggi-수원시-팔달구-화서2동
경기도,수원시 팔달구,지동,gyeonggi-수원시-팔달구-지동
경기도,수원시 팔달구,우만1동,gyeonggi-수원시-팔달구-우만1동
경기도,수원시 팔달구,우만2동,gyeonggi-수원시-팔달구-우만2동
경기도,수원시 팔달구,인계동,gyeonggi-수원시-팔달구-인계동
경기도,수원시 영통구,매탄1동,gyeonggi-수원시-영통구-매탄1동
경기도,수원시 영통구,매탄2동,gyeonggi-수원시-영통구-매탄2동
경기도,수원시 영통구,매탄3동,gyeonggi-수원시-영통구-매탄3동
경기도,수원시 영통구,매탄4동,gyeonggi-수원시-영통구-매탄4동
경기도,수원시 영통구,원천동,gyeonggi-수원시-영통구-원천동
경기도,수원시 영통구,광교1동,gyeonggi-수원시-영통구-광교1동
경기도,수원시 영통구,광교2동,gyeonggi-수원시-영통구-광교2동
경기도,수원시 영통구,영통1동,gyeonggi-수원시-영통구-영통1동
경기도,수원시 영통구,영통2동,gyeonggi-수원시-영통구-영통2동
경기도,수원시 영통구,영통3동,gyeonggi-수원시-영통구-영통3동
경기도,수원시 영통구,망포1동,gyeonggi-수원시-영통구-망포1동
경기도,수원시 영통구,망포2동,gyeonggi-수원시-영통구-망포2동
경기도,성남시 수정구,신흥1동,gyeonggi-성남시-수정구-신흥1동
경기도,성남시 수정구,신흥2동,gyeonggi-성남시-수정구-신흥2동
경기도,성남시 수정구,신흥3동,gyeonggi-성남시-수정구-신흥3동
경기도,성남시 수정구,태평1동,gyeonggi-성남시-수정구-태평1동
경기도,성남시 수정구,태평2동,gyeonggi-성남시-수정구-태평2동
경기도,성남시 수정구,태평3동,gyeonggi-성남시-수정구-태평3동
경기도,성남시 수정구,태평4동,gyeonggi-성남시-수정구-태평4동
경기도,성남시 수정구,수진1동,gyeonggi-성남시-수정구-수진1동
경기도,성남시 수정구,수진2동,gyeonggi-성남시-수정구-수진2동
경기도,성남시 수정구,단대동,gyeonggi-성남시-수정구-단대동
경기도,성남시 수정구,산성동,gyeonggi-성남시-수정구-산성동
경기도,성남시 수정구,양지동,gyeonggi-성남시-수정구-양지동
경기도,성남시 수정구,복정동,gyeonggi-성남시-수정구-복정동
경기도,성남시 수정구,위례동,gyeonggi-성남시-수정구-위례동
경기도,성남시 수정구,신촌동,gyeonggi-성남시-수정구-신촌동
경기도,성남시 수정구,고등동,gyeonggi-성남시-수정구-고등동
경기도,성남시 수정구,시흥동,gyeonggi-성남시-수정구-시흥동
경기도,성남시 중원구,성남동,gyeonggi-성남시-중원구-성남동
경기도,성남시 중원구,중앙동,gyeonggi-성남시-중원구-중앙동
경기도,성남시 중원구,금광1동,gyeonggi-성남시-중원구-금광1동
경기도,성남시 중원구,금광2동,gyeonggi-성남시-중원구-금광2동
경기도,성남시 중원구,은행1동,gyeonggi-성남시-중원구-은행1동
경기도,성남시 중원구,은행2동,gyeonggi-성남시-중원구-은행2동
경기도,성남시 중원구,상대원1동,gyeonggi-성남시-중원구-상대원1동
경기도,성남시 중원구,상대원2동,gyeonggi-성남시-중원구-상대원2동
경기도,성남시 중원구,상대원3동,gyeonggi-성남시-중원구-상대원3동
경기도,성남시 중원구,하대원동,gyeonggi-성남시-중원구-하대원동
경기도,성남시 중원구,도촌동,gyeonggi-성남시-중원구-도촌동
경기도,성남시 분당구,분당동,gyeonggi-성남시-분당구-분당동
경기도,성남시 분당구,수내1동,gyeonggi-성남시-분당구-수내1동
경기도,성남시 분당구,수내2동,gyeonggi-성남시-분당구-수내2동
경기도,성남시 분당구,수내3동,gyeonggi-성남시-분당구-수내3동
경기도,성남시 분당구,정자동,gyeonggi-성남시-분당구-정자동
경기도,성남시 분당구,정자1동,gyeonggi-성남시-분당구-정자1동
경기도,성남시 분당구,정자2동,gyeonggi-성남시-분당구-정자2동
경기도,성남시 분당구,정자3동,gyeonggi-성남시-분당구-정자3동
경기도,성남시 분당구,서현1동,gyeonggi-성남시-분당구-서현1동
경기도,성남시 분당구,서현2동,gyeonggi-성남시-분당구-서현2동
경기도,성남시 분당구,이매1동,gyeonggi-성남시-분당구-이매1동
경기도,성남시 분당구,이매2동,gyeonggi-성남시-분당구-이매2동
경기도,성남시 분당구,야탑1동,gyeonggi-성남시-분당구-야탑1동
경기도,성남시 분당구,야탑2동,gyeonggi-성남시-분당구-야탑2동
경기도,성남시 분당구,야탑3동,gyeonggi-성남시-분당구-야탑3동
경기도,성남시 분당구,판교동,gyeonggi-성남시-분당구-판교동
경기도,성남시 분당구,삼평동,gyeonggi-성남시-분당구-삼평동
경기도,성남시 분당구,백현동,gyeonggi-성남시-분당구-백현동
경기도,성남시 분당구,운중동,gyeonggi-성남시-분당구-운중동
경기도,성남시 분당구,금곡동,gyeonggi-성남시-분당구-금곡동
경기도,성남시 분당구,구미동,gyeonggi-성남시-분당구-구미동
경기도,성남시 분당구,구미1동,gyeonggi-성남시-분당구-구미1동
경기도,의정부시,의정부1동,gyeonggi-의정부시-의정부1동
경기도,의정부시,의정부2동,gyeonggi-의정부시-의정부2동
경기도,의정부시,호원1동,gyeonggi-의정부시-호원1동
경기도,의정부시,호원2동,gyeonggi-의정부시-호원2동
경기도,의정부시,장암동,gyeonggi-의정부시-장암동
경기도,의정부시,신곡1동,gyeonggi-의정부시-신곡1동
경기도,의정부시,신곡2동,gyeonggi-의정부시-신곡2동
경기도,의정부시,송산1동,gyeonggi-의정부시-송산1동
경기도,의정부시,송산2동,gyeonggi-의정부시-송산2동
경기도,의정부시,송산3동,gyeonggi-의정부시-송산3동
경기도,의정부시,자금동,gyeonggi-의정부시-자금동
경기도,의정부시,가능동,gyeonggi-의정부시-가능동
경기도,의정부시,녹양동,gyeonggi-의정부시-녹양동
경기도,의정부시,흥선동,gyeonggi-의정부시-흥선동
경기도,안양시 만안구,안양1동,gyeonggi-안양시-만안구-안양1동
경기도,안양시 만안구,안양2동,gyeonggi-안양시-만안구-안양2동
경기도,안양시 만안구,안양3동,gyeonggi-안양시-만안구-안양3동
경기도,안양시 만안구,안양4동,gyeonggi-안양시-만안구-안양4동
경기도,안양시 만안구,안양5동,gyeonggi-안양시-만안구-안양5동
경기도,안양시 만안구,안양6동,gyeonggi-안양시-만안구-안양6동
경기도,안양시 만안구,안양7동,gyeonggi-안양시-만안구-안양7동
경기도,안양시 만안구,안양8동,gyeonggi-안양시-만안구-안양8동
경기도,안양시 만안구,안양9동,gyeonggi-안양시-만안구-안양9동
경기도,안양시 만안구,석수1동,gyeonggi-안양시-만안구-석수1동
경기도,안양시 만안구,석수2동,gyeonggi-안양시-만안구-석수2동
경기도,안양시 만안구,석수3동,gyeonggi-안양시-만안구-석수3동
경기도,안양시 만안구,박달1동,gyeonggi-안양시-만안구-박달1동
경기도,안양시 만안구,박달2동,gyeonggi-안양시-만안구-박달2동
경기도,안양시 동안구,비산1동,gyeonggi-안양시-동안구-비산1동
경기도,안양시 동안구,비산2동,gyeonggi-안양시-동안구-비산2동
경기도,안양시 동안구,비산3동,gyeonggi-안양시-동안구-비산3동
경기도,안양시 동안구,부흥동,gyeonggi-안양시-동안구-부흥동
경기도,안양시 동안구,달안동,gyeonggi-안양시-동안구-달안동
경기도,안양시 동안구,관양1동,gyeonggi-안양시-동안구-관양1동
경기도,안양시 동안구,관양2동,gyeonggi-안양시-동안구-관양2동
경기도,안양시 동안구,인덕원동,gyeonggi-안양시-동안구-인덕원동
경기도,안양시 동안구,부림동,gyeonggi-안양시-동안구-부림동
경기도,안양시 동안구,평촌동,gyeonggi-안양시-동안구-평촌동
경기도,안양시 동안구,평안동,gyeonggi-안양시-동안구-평안동
경기도,안양시 동안구,귀인동,gyeonggi-안양시-동안구-귀인동
경기도,안양시 동안구,호계1동,gyeonggi-안양시-동안구-호계1동
경기도,안양시 동안구,호계2동,gyeonggi-안양시-동안구-호계2동
경기도,안양시 동안구,호계3동,gyeonggi-안양시-동안구-호계3동
경기도,안양시 동안구,범계동,gyeonggi-안양시-동안구-범계동
경기도,안양시 동안구,신촌동,gyeonggi-안양시-동안구-신촌동
경기도,안양시 동안구,갈산동,gyeonggi-안양시-동안구-갈산동
경기도,부천시,심곡동,gyeonggi-부천시-심곡동
경기도,부천시,부천동,gyeonggi-부천시-부천동
경기도,부천시,중동,gyeonggi-부천시-중동
경기도,부천시,신중동,gyeonggi-부천시-신중동
경기도,부천시,상동,gyeonggi-부천시-상동
경기도,부천시,대산동,gyeonggi-부천시-대산동
경기도,부천시,소사본동,gyeonggi-부천시-소사본동
경기도,부천시,범안동,gyeonggi-부천시-범안동
경기도,부천시,성곡동,gyeonggi-부천시-성곡동
경기도,부천시,오정동,gyeonggi-부천시-오정동
경기도,광명시,광명1동,gyeonggi-광명시-광명1동
경기도,광명시,광명2동,gyeonggi-광명시-광명2동
경기도,광명시,광명3동,gyeonggi-광명시-광명3동
경기도,광명시,광명4동,gyeonggi-광명시-광명4동
경기도,광명시,광명5동,gyeonggi-광명시-광명5동
경기도,광명시,광명6동,gyeonggi-광명시-광명6동
경기도,광명시,광명7동,gyeonggi-광명시-광명7동
경기도,광명시,철산1동,gyeonggi-광명시-철산1동
경기도,광명시,철산2동,gyeonggi-광명시-철산2동
경기도,광명시,철산3동,gyeonggi-광명시-철산3동
경기도,광명시,철산4동,gyeonggi-광명시-철산4동
경기도,광명시,하안1동,gyeonggi-광명시-하안1동
경기도,광명시,하안2동,gyeonggi-광명시-하안2동
경기도,광명시,하안3동,gyeonggi-광명시-하안3동
경기도,광명시,하안4동,gyeonggi-광명시-하안4동
경기도,광명시,소하1동,gyeonggi-광명시-소하1동
경기도,광명시,소하2동,gyeonggi-광명시-소하2동
경기도,광명시,학온동,gyeonggi-광명시-학온동
경기도,평택시,팽성읍,gyeonggi-평택시-팽성읍
경기도,평택시,안중읍,gyeonggi-평택시-안중읍
경기도,평택시,포승읍,gyeonggi-평택시-포승읍
경기도,평택시,청북읍,gyeonggi-평택시-청북읍
경기도,평택시,진위면,gyeonggi-평택시-진위면
경기도,평택시,서탄면,gyeonggi-평택시-서탄면
경기도,평택시,고덕면,gyeonggi-평택시-고덕면
경기도,평택시,오성면,gyeonggi-평택시-오성면
경기도,평택시,현덕면,gyeonggi-평택시-현덕면
경기도,평택시,중앙동,gyeonggi-평택시-중앙동
경기도,평택시,서정동,gyeonggi-평택시-서정동
경기도,평택시,송탄동,gyeonggi-평택시-송탄동
경기도,평택시,지산동,gyeonggi-평택시-지산동
경기도,평택시,송북동,gyeonggi-평택시-송북동
경기도,평택시,신장1동,gyeonggi-평택시-신장1동
경기도,평택시,신장2동,gyeonggi-평택시-신장2동
경기도,평택시,신평동,gyeonggi-평택시-신평동
경기도,평택시,원평동,gyeonggi-평택시-원평동
경기도,평택시,통복동,gyeonggi-평택시-통복동
경기도,평택시,비전1동,gyeonggi-평택시-비전1동
경기도,평택시,비전2동,gyeonggi-평택시-비전2동
경기도,평택시,세교동,gyeonggi-평택시-세교동
경기도,평택시,용이동,gyeonggi-평택시-용이동
경기도,평택시,동삭동,gyeonggi-평택시-동삭동
경기도,평택시,고덕동,gyeonggi-평택시-고덕동
경기도,동두천시,생연1동,gyeonggi-동두천시-생연1동
경기도,동두천시,생연2동,gyeonggi-동두천시-생연2동
경기도,동두천시,중앙동,gyeonggi-동두천시-중앙동
경기도,동두천시,보산동,gyeonggi-동두천시-보산동
경기도,동두천시,불현동,gyeonggi-동두천시-불현동
경기도,동두천시,송내동,gyeonggi-동두천시-송내동
경기도,동두천시,소요동,gyeonggi-동두천시-소요동
경기도,동두천시,상패동,gyeonggi-동두천시-상패동
경기도,안산시 상록구,일동,gyeonggi-안산시-상록구-일동
경기도,안산시 상록구,이동,gyeonggi-안산시-상록구-이동
경기도,안산시 상록구,사동,gyeonggi-안산시-상록구-사동
경기도,안산시 상록구,사이동,gyeonggi-안산시-상록구-사이동
경기도,안산시 상록구,해양동,gyeonggi-안산시-상록구-해양동
경기도,안산시 상록구,본오1동,gyeonggi-안산시-상록구-본오1동
경기도,안산시 상록구,본오2동,gyeonggi-안산시-상록구-본오2동
경기도,안산시 상록구,본오3동,gyeonggi-안산시-상록구-본오3동
경기도,안산시 상록구,부곡동,gyeonggi-안산시-상록구-부곡동
경기도,안산시 상록구,월피동,gyeonggi-안산시-상록구-월피동
경기도,안산시 상록구,성포동,gyeonggi-안산시-상록구-성포동
경기도,안산시 상록구,반월동,gyeonggi-안산시-상록구-반월동
경기도,안산시 상록구,안산동,gyeonggi-안산시-상록구-안산동
경기도,안산시 단원구,와동,gyeonggi-안산시-단원구-와동
경기도,안산시 단원구,고잔동,gyeonggi-안산시-단원구-고잔동
경기도,안산시 단원구,중앙동,gyeonggi-안산시-단원구-중앙동
경기도,안산시 단원구,호수동,gyeonggi-안산시-단원구-호수동
경기도,안산시 단원구,원곡동,gyeonggi-안산시-단원구-원곡동
경기도,안산시 단원구,백운동,gyeonggi-안산시-단원구-백운동
경기도,안산시 단원구,신길동,gyeonggi-안산시-단원구-신길동
경기도,안산시 단원구,초지동,gyeonggi-안산시-단원구-초지동
경기도,안산시 단원구,선부1동,gyeonggi-안산시-단원구-선부1동
경기도,안산시 단원구,선부2동,gyeonggi-안산시-단원구-선부2동
경기도,안산시 단원구,선부3동,gyeonggi-안산시-단원구-선부3동
경기도,안산시 단원구,대부동,gyeonggi-안산시-단원구-대부동
경기도,고양시 덕양구,주교동,gyeonggi-고양시-덕양구-주교동
경기도,고양시 덕양구,원신동,gyeonggi-고양시-덕양구-원신동
경기도,고양시 덕양구,흥도동,gyeonggi-고양시-덕양구-흥도동
경기도,고양시 덕양구,성사1동,gyeonggi-고양시-덕양구-성사1동
경기도,고양시 덕양구,성사2동,gyeonggi-고양시-덕양구-성사2동
경기도,고양시 덕양구,효자동,gyeonggi-고양시-덕양구-효자동
경기도,고양시 덕양구,삼송1동,gyeonggi-고양시-덕양구-삼송1동
경기도,고양시 덕양구,삼송2동,gyeonggi-고양시-덕양구-삼송2동
경기도,고양시 덕양구,창릉동,gyeonggi-고양시-덕양구-창릉동
경기도,고양시 덕양구,고양동,gyeonggi-고양시-덕양구-고양동
경기도,고양시 덕양구,관산동,gyeonggi-고양시-덕양구-관산동
경기도,고양시 덕양구,능곡동,gyeonggi-고양시-덕양구-능곡동
경기도,고양시 덕양구,행주동,gyeonggi-고양시-덕양구-행주동
경기도,고양시 덕양구,행신1동,gyeonggi-고양시-덕양구-행신1동
경기도,고양시 덕양구,행신2동,gyeonggi-고양시-덕양구-행신2동
경기도,고양시 덕양구,행신3동,gyeonggi-고양시-덕양구-행신3동
경기도,고양시 덕양구,행신4동,gyeonggi-고양시-덕양구-행신4동
경기도,고양시 덕양구,화정1동,gyeonggi-고양시-덕양구-화정1동
경기도,고양시 덕양구,화정2동,gyeonggi-고양시-덕양구-화정2동
경기도,고양시 덕양구,대덕동,gyeonggi-고양시-덕양구-대덕동
경기도,고양시 일산동구,식사동,gyeonggi-고양시-일산동구-식사동
경기도,고양시 일산동구,중산1동,gyeonggi-고양시-일산동구-중산1동
경기도,고양시 일산동구,중산2동,gyeonggi-고양시-일산동구-중산2동
경기도,고양시 일산동구,정발산동,gyeonggi-고양시-일산동구-정발산동
경기도,고양시 일산동구,풍산동,gyeonggi-고양시-일산동구-풍산동
경기도,고양시 일산동구,백석1동,gyeonggi-고양시-일산동구-백석1동
경기도,고양시 일산동구,백석2동,gyeonggi-고양시-일산동구-백석2동
경기도,고양시 일산동구,마두1동,gyeonggi-고양시-일산동구-마두1동
경기도,고양시 일산동구,마두2동,gyeonggi-고양시-일산동구-마두2동
경기도,고양시 일산동구,장항1동,gyeonggi-고양시-일산동구-장항1동
경기도,고양시 일산동구,장항2동,gyeonggi-고양시-일산동구-장항2동
경기도,고양시 일산동구,고봉동,gyeonggi-고양시-일산동구-고봉동
경기도,고양시 일산서구,일산1동,gyeonggi-고양시-일산서구-일산1동
경기도,고양시 일산서구,일산2동,gyeonggi-고양시-일산서구-일산2동
경기도,고양시 일산서구,일산3동,gyeonggi-고양시-일산서구-일산3동
경기도,고양시 일산서구,탄현1동,gyeonggi-고양시-일산서구-탄현1동
경기도,고양시 일산서구,탄현2동,gyeonggi-고양시-일산서구-탄현2동
경기도,고양시 일산서구,주엽1동,gyeonggi-고양시-일산서구-주엽1동
경기도,고양시 일산서구,주엽2동,gyeonggi-고양시-일산서구-주엽2동
경기도,고양시 일산서구,대화동,gyeonggi-고양시-일산서구-대화동
경기도,고양시 일산서구,송포동,gyeonggi-고양시-일산서구-송포동
경기도,고양시 일산서구,덕이동,gyeonggi-고양시-일산서구-덕이동
경기도,고양시 일산서구,가좌동,gyeonggi-고양시-일산서구-가좌동
경기도,과천시,중앙동,gyeonggi-과천시-중앙동
경기도,과천시,갈현동,gyeonggi-과천시-갈현동
경기도,과천시,별양동,gyeonggi-과천시-별양동
경기도,과천시,부림동,gyeonggi-과천시-부림동
경기도,과천시,과천동,gyeonggi-과천시-과천동
경기도,과천시,문원동,gyeonggi-과천시-문원동
경기도,구리시,갈매동,gyeonggi-구리시-갈매동
경기도,구리시,동구동,gyeonggi-구리시-동구동
경기도,구리시,인창동,gyeonggi-구리시-인창동
경기도,구리시,교문1동,gyeonggi-구리시-교문1동
경기도,구리시,교문2동,gyeonggi-구리시-교문2동
경기도,구리시,수택1동,gyeonggi-구리시-수택1동
경기도,구리시,수택2동,gyeonggi-구리시-수택2동
경기도,구리시,수택3동,gyeonggi-구리시-수택3동
경기도,남양주시,와부읍,gyeonggi-남양주시-와부읍
경기도,남양주시,진접읍,gyeonggi-남양주시-진접읍
경기도,남양주시,화도읍,gyeonggi-남양주시-화도읍
경기도,남양주시,진건읍,gyeonggi-남양주시-진건읍
경기도,남양주시,오남읍,gyeonggi-남양주시-오남읍
경기도,남양주시,퇴계원읍,gyeonggi-남양주시-퇴계원읍
경기도,남양주시,별내면,gyeonggi-남양주시-별내면
경기도,남양주시,수동면,gyeonggi-남양주시-수동면
경기도,남양주시,조안면,gyeonggi-남양주시-조안면
경기도,남양주시,호평동,gyeonggi-남양주시-호평동
경기도,남양주시,평내동,gyeonggi-남양주시-평내동
경기도,남양주시,금곡동,gyeonggi-남양주시-금곡동
경기도,남양주시,양정동,gyeonggi-남양주시-양정동
경기도,남양주시,다산1동,gyeonggi-남양주시-다산1동
경기도,남양주시,다산2동,gyeonggi-남양주시-다산2동
경기도,남양주시,별내동,gyeonggi-남양주시-별내동
경기도,오산시,중앙동,gyeonggi-오산시-중앙동
경기도,오산시,대원1동,gyeonggi-오산시-대원1동
경기도,오산시,대원2동,gyeonggi-오산시-대원2동
경기도,오산시,남촌동,gyeonggi-오산시-남촌동
경기도,오산시,신장1동,gyeonggi-오산시-신장1동
경기도,오산시,신장2동,gyeonggi-오산시-신장2동
경기도,오산시,세마동,gyeonggi-오산시-세마동
경기도,오산시,초평동,gyeonggi-오산시-초평동
경기도,시흥시,대야동,gyeonggi-시흥시-대야동
경기도,시흥시,신천동,gyeonggi-시흥시-신천동
경기도,시흥시,신현동,gyeonggi-시흥시-신현동
경기도,시흥시,은행동,gyeonggi-시흥시-은행동
경기도,시흥시,매화동,gyeonggi-시흥시-매화동
경기도,시흥시,목감동,gyeonggi-시흥시-목감동
경기도,시흥시,군자동,gyeonggi-시흥시-군자동
경기도,시흥시,정왕본동,gyeonggi-시흥시-정왕본동
경기도,시흥시,정왕1동,gyeonggi-시흥시-정왕1동
경기도,시흥시,정왕2동,gyeonggi-시흥시-정왕2동
경기도,시흥시,정왕3동,gyeonggi-시흥시-정왕3동
경기도,시흥시,정왕4동,gyeonggi-시흥시-정왕4동
경기도,시흥시,배곧1동,gyeonggi-시흥시-배곧1동
경기도,시흥시,배곧2동,gyeonggi-시흥시-배곧2동
경기도,시흥시,과림동,gyeonggi-시흥시-과림동
경기도,시흥시,연성동,gyeonggi-시흥시-연성동
경기도,시흥시,능곡동,gyeonggi-시흥시-능곡동
경기도,시흥시,월곶동,gyeonggi-시흥시-월곶동
경기도,시흥시,장곡동,gyeonggi-시흥시-장곡동
경기도,시흥시,거북섬동,gyeonggi-시흥시-거북섬동
경기도,군포시,군포1동,gyeonggi-군포시-군포1동
경기도,군포시,군포2동,gyeonggi-군포시-군포2동
경기도,군포시,산본1동,gyeonggi-군포시-산본1동
경기도,군포시,산본2동,gyeonggi-군포시-산본2동
경기도,군포시,금정동,gyeonggi-군포시-금정동
경기도,군포시,재궁동,gyeonggi-군포시-재궁동
경기도,군포시,오금동,gyeonggi-군포시-오금동
경기도,군포시,수리동,gyeonggi-군포시-수리동
경기도,군포시,궁내동,gyeonggi-군포시-궁내동
경기도,군포시,광정동,gyeonggi-군포시-광정동
경기도,군포시,대야동,gyeonggi-군포시-대야동
경기도,군포시,송부동,gyeonggi-군포시-송부동
경기도,의왕시,고천동,gyeonggi-의왕시-고천동
경기도,의왕시,부곡동,gyeonggi-의왕시-부곡동
경기도,의왕시,오전동,gyeonggi-의왕시-오전동
경기도,의왕시,내손1동,gyeonggi-의왕시-내손1동
경기도,의왕시,내손2동,gyeonggi-의왕시-내손2동
경기도,의왕시,청계동,gyeonggi-의왕시-청계동
경기도,하남시,망월동,gyeonggi-하남시-망월동
경기도,하남시,미사동,gyeonggi-하남시-미사동
경기도,하남시,신장동,gyeonggi-하남시-신장동
경기도,하남시,덕풍동,gyeonggi-하남시-덕풍동
경기도,하남시,풍산동,gyeonggi-하남시-풍산동
경기도,하남시,감일동,gyeonggi-하남시-감일동
경기도,하남시,위례동,gyeonggi-하남시-위례동
경기도,하남시,학암동,gyeonggi-하남시-학암동
경기도,하남시,초이동,gyeonggi-하남시-초이동
경기도,하남시,천현동,gyeonggi-하남시-천현동
경기도,하남시,춘궁동,gyeonggi-하남시-춘궁동
경기도,하남시,상산곡동,gyeonggi-하남시-상산곡동
경기도,하남시,하산곡동,gyeonggi-하남시-하산곡동
경기도,하남시,창우동,gyeonggi-하남시-창우동
경기도,하남시,교산동,gyeonggi-하남시-교산동
경기도,용인시 처인구,포곡읍,gyeonggi-용인시-처인구-포곡읍
경기도,용인시 처인구,모현읍,gyeonggi-용인시-처인구-모현읍
경기도,용인시 처인구,이동읍,gyeonggi-용인시-처인구-이동읍
경기도,용인시 처인구,남사읍,gyeonggi-용인시-처인구-남사읍
경기도,용인시 처인구,원삼면,gyeonggi-용인시-처인구-원삼면
경기도,용인시 처인구,백암면,gyeonggi-용인시-처인구-백암면
경기도,용인시 처인구,양지읍,gyeonggi-용인시-처인구-양지읍
경기도,용인시 처인구,중앙동,gyeonggi-용인시-처인구-중앙동
경기도,용인시 처인구,역삼동,gyeonggi-용인시-처인구-역삼동
경기도,용인시 처인구,유림동,gyeonggi-용인시-처인구-유림동
경기도,용인시 처인구,동부동,gyeonggi-용인시-처인구-동부동
경기도,용인시 기흥구,신갈동,gyeonggi-용인시-기흥구-신갈동
경기도,용인시 기흥구,영덕1동,gyeonggi-용인시-기흥구-영덕1동
경기도,용인시 기흥구,영덕2동,gyeonggi-용인시-기흥구-영덕2동
경기도,용인시 기흥구,구갈동,gyeonggi-용인시-기흥구-구갈동
경기도,용인시 기흥구,상갈동,gyeonggi-용인시-기흥구-상갈동
경기도,용인시 기흥구,보라동,gyeonggi-용인시-기흥구-보라동
경기도,용인시 기흥구,기흥동,gyeonggi-용인시-기흥구-기흥동
경기도,용인시 기흥구,서농동,gyeonggi-용인시-기흥구-서농동
경기도,용인시 기흥구,구성동,gyeonggi-용인시-기흥구-구성동
경기도,용인시 기흥구,마북동,gyeonggi-용인시-기흥구-마북동
경기도,용인시 기흥구,동백1동,gyeonggi-용인시-기흥구-동백1동
경기도,용인시 기흥구,동백2동,gyeonggi-용인시-기흥구-동백2동
경기도,용인시 기흥구,동백3동,gyeonggi-용인시-기흥구-동백3동
경기도,용인시 기흥구,상하동,gyeonggi-용인시-기흥구-상하동
경기도,용인시 기흥구,보정동,gyeonggi-용인시-기흥구-보정동
경기도,용인시 수지구,풍덕천1동,gyeonggi-용인시-수지구-풍덕천1동
경기도,용인시 수지구,풍덕천2동,gyeonggi-용인시-수지구-풍덕천2동
경기도,용인시 수지구,신봉동,gyeonggi-용인시-수지구-신봉동
경기도,용인시 수지구,죽전1동,gyeonggi-용인시-수지구-죽전1동
경기도,용인시 수지구,죽전2동,gyeonggi-용인시-수지구-죽전2동
경기도,용인시 수지구,죽전3동,gyeonggi-용인시-수지구-죽전3동
경기도,용인시 수지구,동천동,gyeonggi-용인시-수지구-동천동
경기도,용인시 수지구,상현1동,gyeonggi-용인시-수지구-상현1동
경기도,용인시 수지구,상현2동,gyeonggi-용인시-수지구-상현2동
경기도,용인시 수지구,상현3동,gyeonggi-용인시-수지구-상현3동
경기도,용인시 수지구,성복동,gyeonggi-용인시-수지구-성복동
경기도,파주시,문산읍,gyeonggi-파주시-문산읍
경기도,파주시,조리읍,gyeonggi-파주시-조리읍
경기도,파주시,법원읍,gyeonggi-파주시-법원읍
경기도,파주시,파주읍,gyeonggi-파주시-파주읍
경기도,파주시,광탄면,gyeonggi-파주시-광탄면
경기도,파주시,탄현면,gyeonggi-파주시-탄현면
경기도,파주시,월롱면,gyeonggi-파주시-월롱면
경기도,파주시,적성면,gyeonggi-파주시-적성면
경기도,파주시,파평면,gyeonggi-파주시-파평면
경기도,파주시,장단면,gyeonggi-파주시-장단면
경기도,파주시,교하동,gyeonggi-파주시-교하동
경기도,파주시,운정1동,gyeonggi-파주시-운정1동
경기도,파주시,운정2동,gyeonggi-파주시-운정2동
경기도,파주시,운정3동,gyeonggi-파주시-운정3동
경기도,파주시,운정4동,gyeonggi-파주시-운정4동
경기도,파주시,운정5동,gyeonggi-파주시-운정5동
경기도,파주시,운정6동,gyeonggi-파주시-운정6동
경기도,파주시,금촌1동,gyeonggi-파주시-금촌1동
경기도,파주시,금촌2동,gyeonggi-파주시-금촌2동
경기도,파주시,금촌3동,gyeonggi-파주시-금촌3동
경기도,이천시,장호원읍,gyeonggi-이천시-장호원읍
경기도,이천시,부발읍,gyeonggi-이천시-부발읍
경기도,이천시,신둔면,gyeonggi-이천시-신둔면
경기도,이천시,백사면,gyeonggi-이천시-백사면
경기도,이천시,호법면,gyeonggi-이천시-호법면
경기도,이천시,마장면,gyeonggi-이천시-마장면
경기도,이천시,대월면,gyeonggi-이천시-대월면
경기도,이천시,모가면,gyeonggi-이천시-모가면
경기도,이천시,설성면,gyeonggi-이천시-설성면
경기도,이천시,율면,gyeonggi-이천시-율면
경기도,이천시,창전동,gyeonggi-이천시-창전동
경기도,이천시,증포동,gyeonggi-이천시-증포동
경기도,이천시,중리동,gyeonggi-이천시-중리동
경기도,이천시,관고동,gyeonggi-이천시-관고동
경기도,안성시,공도읍,gyeonggi-안성시-공도읍
경기도,안성시,보개면,gyeonggi-안성시-보개면
경기도,안성시,금광면,gyeonggi-안성시-금광면
경기도,안성시,서운면,gyeonggi-안성시-서운면
경기도,안성시,미양면,gyeonggi-안성시-미양면
경기도,안성시,대덕면,gyeonggi-안성시-대덕면
경기도,안성시,양성면,gyeonggi-안성시-양성면
경기도,안성시,원곡면,gyeonggi-안성시-원곡면
경기도,안성시,일죽면,gyeonggi-안성시-일죽면
경기도,안성시,죽산면,gyeonggi-안성시-죽산면
경기도,안성시,삼죽면,gyeonggi-안성시-삼죽면
경기도,안성시,고삼면,gyeonggi-안성시-고삼면
경기도,안성시,안성1동,gyeonggi-안성시-안성1동
경기도,안성시,안성2동,gyeonggi-안성시-안성2동
경기도,안성시,안성3동,gyeonggi-안성시-안성3동
경기도,김포시,통진읍,gyeonggi-김포시-통진읍
경기도,김포시,고촌읍,gyeonggi-김포시-고촌읍
경기도,김포시,양촌읍,gyeonggi-김포시-양촌읍
경기도,김포시,대곶면,gyeonggi-김포시-대곶면
경기도,김포시,월곶면,gyeonggi-김포시-월곶면
경기도,김포시,하성면,gyeonggi-김포시-하성면
경기도,김포시,김포본동,gyeonggi-김포시-김포본동
경기도,김포시,장기본동,gyeonggi-김포시-장기본동
경기도,김포시,사우동,gyeonggi-김포시-사우동
경기도,김포시,풍무동,gyeonggi-김포시-풍무동
경기도,김포시,장기동,gyeonggi-김포시-장기동
경기도,김포시,구래동,gyeonggi-김포시-구래동
경기도,김포시,마산동,gyeonggi-김포시-마산동
경기도,김포시,운양동,gyeonggi-김포시-운양동
경기도,화성시,봉담읍,gyeonggi-화성시-봉담읍
경기도,화성시,우정읍,gyeonggi-화성시-우정읍
경기도,화성시,향남읍,gyeonggi-화성시-향남읍
경기도,화성시,남양읍,gyeonggi-화성시-남양읍
경기도,화성시,매송면,gyeonggi-화성시-매송면
경기도,화성시,비봉면,gyeonggi-화성시-비봉면
경기도,화성시,마도면,gyeonggi-화성시-마도면
경기도,화성시,송산면,gyeonggi-화성시-송산면
경기도,화성시,서신면,gyeonggi-화성시-서신면
경기도,화성시,팔탄면,gyeonggi-화성시-팔탄면
경기도,화성시,장안면,gyeonggi-화성시-장안면
경기도,화성시,양감면,gyeonggi-화성시-양감면
경기도,화성시,정남면,gyeonggi-화성시-정남면
경기도,화성시,새솔동,gyeonggi-화성시-새솔동
경기도,화성시,진안동,gyeonggi-화성시-진안동
경기도,화성시,병점1동,gyeonggi-화성시-병점1동
경기도,화성시,병점2동,gyeonggi-화성시-병점2동
경기도,화성시,반월동,gyeonggi-화성시-반월동
경기도,화성시,기배동,gyeonggi-화성시-기배동
경기도,화성시,화산동,gyeonggi-화성시-화산동
경기도,화성시,동탄1동,gyeonggi-화성시-동탄1동
경기도,화성시,동탄2동,gyeonggi-화성시-동탄2동
경기도,화성시,동탄3동,gyeonggi-화성시-동탄3동
경기도,화성시,동탄4동,gyeonggi-화성시-동탄4동
경기도,화성시,동탄5동,gyeonggi-화성시-동탄5동
경기도,화성시,동탄6동,gyeonggi-화성시-동탄6동
경기도,화성시,동탄7동,gyeonggi-화성시-동탄7동
경기도,화성시,동탄8동,gyeonggi-화성시-동탄8동
경기도,화성시,동탄9동,gyeonggi-화성시-동탄9동
경기도,광주시,초월읍,gyeonggi-광주시-초월읍
경기도,광주시,곤지암읍,gyeonggi-광주시-곤지암읍
경기도,광주시,도척면,gyeonggi-광주시-도척면
경기도,광주시,퇴촌면,gyeonggi-광주시-퇴촌면
경기도,광주시,남종면,gyeonggi-광주시-남종면
경기도,광주시,남한산성면,gyeonggi-광주시-남한산성면
경기도,광주시,경안동,gyeonggi-광주시-경안동
경기도,광주시,송정동,gyeonggi-광주시-송정동
경기도,광주시,광남1동,gyeonggi-광주시-광남1동
경기도,광주시,광남2동,gyeonggi-광주시-광남2동
경기도,광주시,쌍령동,gyeonggi-광주시-쌍령동
경기도,광주시,탄벌동,gyeonggi-광주시-탄벌동
경기도,광주시,능평동,gyeonggi-광주시-능평동
경기도,광주시,오포1동,gyeonggi-광주시-오포1동
경기도,광주시,오포2동,gyeonggi-광주시-오포2동
경기도,광주시,신현동,gyeonggi-광주시-신현동
경기도,양주시,백석읍,gyeonggi-양주시-백석읍
경기도,양주시,은현면,gyeonggi-양주시-은현면
경기도,양주시,남면,gyeonggi-양주시-남면
경기도,양주시,광적면,gyeonggi-양주시-광적면
경기도,양주시,장흥면,gyeonggi-양주시-장흥면
경기도,양주시,양주1동,gyeonggi-양주시-양주1동
경기도,양주시,양주2동,gyeonggi-양주시-양주2동
경기도,양주시,회천1동,gyeonggi-양주시-회천1동
경기도,양주시,회천2동,gyeonggi-양주시-회천2동
경기도,양주시,회천3동,gyeonggi-양주시-회천3동
경기도,양주시,회천4동,gyeonggi-양주시-회천4동
경기도,포천시,소흘읍,gyeonggi-포천시-소흘읍
경기도,포천시,군내면,gyeonggi-포천시-군내면
경기도,포천시,내촌면,gyeonggi-포천시-내촌면
경기도,포천시,가산면,gyeonggi-포천시-가산면
경기도,포천시,신북면,gyeonggi-포천시-신북면
경기도,포천시,창수면,gyeonggi-포천시-창수면
경기도,포천시,영중면,gyeonggi-포천시-영중면
경기도,포천시,일동면,gyeonggi-포천시-일동면
경기도,포천시,이동면,gyeonggi-포천시-이동면
경기도,포천시,영북면,gyeonggi-포천시-영북면
경기도,포천시,관인면,gyeonggi-포천시-관인면
경기도,포천시,화현면,gyeonggi-포천시-화현면
경기도,포천시,포천동,gyeonggi-포천시-포천동
경기도,포천시,선단동,gyeonggi-포천시-선단동
경기도,여주시,가남읍,gyeonggi-여주시-가남읍
경기도,여주시,점동면,gyeonggi-여주시-점동면
경기도,여주시,세종대왕면,gyeonggi-여주시-세종대왕면
경기도,여주시,흥천면,gyeonggi-여주시-흥천면
경기도,여주시,금사면,gyeonggi-여주시-금사면
경기도,여주시,산북면,gyeonggi-여주시-산북면
경기도,여주시,대신면,gyeonggi-여주시-대신면
경기도,여주시,북내면,gyeonggi-여주시-북내면
경기도,여주시,강천면,gyeonggi-여주시-강천면
경기도,여주시,여흥동,gyeonggi-여주시-여흥동
경기도,여주시,중앙동,gyeonggi-여주시-중앙동
경기도,여주시,오학동,gyeonggi-여주시-오학동
경기도,연천군,연천읍,gyeonggi-연천군-연천읍
경기도,연천군,전곡읍,gyeonggi-연천군-전곡읍
경기도,연천군,군남면,gyeonggi-연천군-군남면
경기도,연천군,청산면,gyeonggi-연천군-청산면
경기도,연천군,백학면,gyeonggi-연천군-백학면
경기도,연천군,미산면,gyeonggi-연천군-미산면
경기도,연천군,왕징면,gyeonggi-연천군-왕징면
경기도,연천군,신서면,gyeonggi-연천군-신서면
경기도,연천군,중면,gyeonggi-연천군-중면
경기도,연천군,장남면,gyeonggi-연천군-장남면
경기도,가평군,가평읍,gyeonggi-가평군-가평읍
경기도,가평군,설악면,gyeonggi-가평군-설악면
경기도,가평군,청평면,gyeonggi-가평군-청평면
경기도,가평군,상면,gyeonggi-가평군-상면
경기도,가평군,조종면,gyeonggi-가평군-조종면
경기도,가평군,북면,gyeonggi-가평군-북면
경기도,양평군,양평읍,gyeonggi-양평군-양평읍
경기도,양평군,강상면,gyeonggi-양평군-강상면
경기도,양평군,강하면,gyeonggi-양평군-강하면
경기도,양평군,양서면,gyeonggi-양평군-양서면
경기도,양평군,옥천면,gyeonggi-양평군-옥천면
경기도,양평군,서종면,gyeonggi-양평군-서종면
경기도,양평군,단월면,gyeonggi-양평군-단월면
경기도,양평군,청운면,gyeonggi-양평군-청운면
경기도,양평군,양동면,gyeonggi-양평군-양동면
경기도,양평군,지평면,gyeonggi-양평군-지평면
경기도,양평군,용문면,gyeonggi-양평군-용문면
경기도,양평군,개군면,gyeonggi-양평군-개군면
